Date,BHP
2/03/2015 16:00,43.71
3/03/2015 16:00,43.46
4/03/2015 16:00,43.15
5/03/2015 16:00,42.57
6/03/2015 16:00,41.25
9/03/2015 16:00,41.32
10/03/2015 16:00,39.66
11/03/2015 16:00,38.1
12/03/2015 16:00,38.41
13/03/2015 16:00,37.24
16/03/2015 16:00,37.8
17/03/2015 16:00,38.57
18/03/2015 16:00,39.49
19/03/2015 16:00,38.95
20/03/2015 16:00,40.17
23/03/2015 16:00,41.3
24/03/2015 16:00,41.03
25/03/2015 16:00,40.58
26/03/2015 16:00,40.16
27/03/2015 16:00,39.37
30/03/2015 16:00,39.44
31/03/2015 16:00,38.84
1/04/2015 16:00,38.52
2/04/2015 16:00,38.08
6/04/2015 16:00,38.88
7/04/2015 16:00,39.05
8/04/2015 16:00,39.06
9/04/2015 16:00,38.32
10/04/2015 16:00,38.3
13/04/2015 16:00,36.69
14/04/2015 16:00,38.13
15/04/2015 16:00,38.54
16/04/2015 16:00,39.13
17/04/2015 16:00,38.82
20/04/2015 16:00,39.23
21/04/2015 16:00,38.66
22/04/2015 16:00,39.95
23/04/2015 16:00,41.14
24/04/2015 16:00,42.66
27/04/2015 16:00,43.07
28/04/2015 16:00,43.69
29/04/2015 16:00,43.36
30/04/2015 16:00,42.87
1/05/2015 16:00,43.4
4/05/2015 16:00,43.6
5/05/2015 16:00,43.49
6/05/2015 16:00,42.97
7/05/2015 16:00,42.02
8/05/2015 16:00,42.46
11/05/2015 16:00,42.7
12/05/2015 16:00,43.33
13/05/2015 16:00,43.31
14/05/2015 16:00,43.28
15/05/2015 16:00,43.09
18/05/2015 16:00,43.14
19/05/2015 16:00,41
20/05/2015 16:00,41.02
21/05/2015 16:00,41.28
22/05/2015 16:00,40.91
26/05/2015 16:00,40.3
27/05/2015 16:00,40.31
28/05/2015 16:00,39.75
29/05/2015 16:00,39.81
1/06/2015 16:00,39.25
2/06/2015 16:00,40.17
3/06/2015 16:00,39.59
4/06/2015 16:00,38.44
5/06/2015 16:00,38.27
8/06/2015 16:00,38.2
9/06/2015 16:00,37.65
10/06/2015 16:00,38.82
11/06/2015 16:00,38.82
12/06/2015 16:00,38.62
15/06/2015 16:00,38.25
16/06/2015 16:00,38.44
17/06/2015 16:00,38.87
18/06/2015 16:00,39.49
19/06/2015 16:00,39.07
22/06/2015 16:00,39.21
23/06/2015 16:00,39.79
24/06/2015 16:00,39.59
25/06/2015 16:00,38.66
26/06/2015 16:00,38.08
29/06/2015 16:00,37.22
30/06/2015 16:00,36.31
1/07/2015 16:00,36.11
2/07/2015 16:00,36.83
6/07/2015 16:00,35.31
7/07/2015 16:00,34.76
8/07/2015 16:00,33.35
9/07/2015 16:00,34.25
10/07/2015 16:00,35.2
13/07/2015 16:00,36.13
14/07/2015 16:00,35.63
15/07/2015 16:00,35.04
16/07/2015 16:00,35.52
17/07/2015 16:00,35.28
20/07/2015 16:00,34.9
21/07/2015 16:00,35.39
22/07/2015 16:00,33.62
23/07/2015 16:00,32.93
24/07/2015 16:00,32.38
27/07/2015 16:00,32.39
28/07/2015 16:00,33.37
29/07/2015 16:00,34.16
30/07/2015 16:00,34.01
31/07/2015 16:00,34.22
3/08/2015 16:00,33.26
4/08/2015 16:00,34.21
5/08/2015 16:00,34.78
6/08/2015 16:00,34.71
7/08/2015 16:00,34.46
10/08/2015 16:00,35.43
11/08/2015 16:00,33.73
12/08/2015 16:00,34.03
13/08/2015 16:00,33.64
14/08/2015 16:00,33.79
17/08/2015 16:00,33.16
18/08/2015 16:00,32.75
19/08/2015 16:00,32.19
20/08/2015 16:00,31.99
21/08/2015 16:00,30.93
24/08/2015 16:00,28.7
25/08/2015 16:00,29.36
26/08/2015 16:00,30.4
27/08/2015 16:00,32.11
28/08/2015 16:00,32.72
31/08/2015 16:00,32.85
1/09/2015 16:00,30.4
2/09/2015 16:00,31.15
3/09/2015 16:00,31.22
4/09/2015 16:00,30.1
8/09/2015 16:00,31.32
9/09/2015 16:00,30.36
10/09/2015 16:00,30.27
11/09/2015 16:00,30.39
14/09/2015 16:00,30.42
15/09/2015 16:00,30.49
16/09/2015 16:00,31.67
17/09/2015 16:00,31.56
18/09/2015 16:00,30.86
21/09/2015 16:00,30.46
22/09/2015 16:00,29.3
23/09/2015 16:00,28.67
24/09/2015 16:00,28.8
25/09/2015 16:00,28.42
28/09/2015 16:00,27.19
29/09/2015 16:00,27.41
30/09/2015 16:00,28.2
1/10/2015 16:00,28.62
2/10/2015 16:00,29.49
5/10/2015 16:00,30.06
6/10/2015 16:00,30.55
7/10/2015 16:00,31.81
8/10/2015 16:00,33.29
9/10/2015 16:00,33.68
12/10/2015 16:00,33.05
13/10/2015 16:00,32.27
14/10/2015 16:00,32.71
15/10/2015 16:00,32.69
16/10/2015 16:00,32.16
19/10/2015 16:00,31.42
20/10/2015 16:00,31.16
21/10/2015 16:00,30.95
22/10/2015 16:00,31.56
23/10/2015 16:00,31.89
26/10/2015 16:00,31.5
27/10/2015 16:00,30.65
28/10/2015 16:00,30.44
29/10/2015 16:00,29.18
30/10/2015 16:00,29.33
2/11/2015 16:00,29.21
3/11/2015 16:00,30
4/11/2015 16:00,29.82
5/11/2015 16:00,28.93
6/11/2015 16:00,27.43
9/11/2015 16:00,26.7
10/11/2015 16:00,26.65
11/11/2015 16:00,25.8
12/11/2015 16:00,25.14
13/11/2015 16:00,25.34
16/11/2015 16:00,25.56
17/11/2015 16:00,25.02
18/11/2015 16:00,25.51
19/11/2015 16:00,25.97
20/11/2015 16:00,25.95
23/11/2015 16:00,25.36
24/11/2015 16:00,25.67
25/11/2015 16:00,24.55
27/11/2015 16:00,24.06
30/11/2015 16:00,23.8
1/12/2015 16:00,24.36
2/12/2015 16:00,23.98
3/12/2015 16:00,23.41
4/12/2015 16:00,23.62
7/12/2015 16:00,22.75
8/12/2015 16:00,21.8
9/12/2015 16:00,22.24
10/12/2015 16:00,22.41
11/12/2015 16:00,21.24
14/12/2015 16:00,21.11
15/12/2015 16:00,21.24
16/12/2015 16:00,21.92
17/12/2015 16:00,21.07
18/12/2015 16:00,21.34
21/12/2015 16:00,21.66
22/12/2015 16:00,21.89
23/12/2015 16:00,23.15
24/12/2015 16:00,23.31
28/12/2015 16:00,23.03
29/12/2015 16:00,23.47
30/12/2015 16:00,23.19
31/12/2015 16:00,22.98
4/01/2016 16:00,22.73
5/01/2016 16:00,22.54
6/01/2016 16:00,21.19
7/01/2016 16:00,20.03
8/01/2016 16:00,19.59
11/01/2016 16:00,19.09
12/01/2016 16:00,18.41
13/01/2016 16:00,18.18
14/01/2016 16:00,19.34
15/01/2016 16:00,18.01
19/01/2016 16:00,17.9
20/01/2016 16:00,17.29
21/01/2016 16:00,18.73
22/01/2016 16:00,19.16
25/01/2016 16:00,18.51
26/01/2016 16:00,19.63
27/01/2016 16:00,19.04
28/01/2016 16:00,19.43
29/01/2016 16:00,19.54
1/02/2016 16:00,19.38
2/02/2016 16:00,18.13
3/02/2016 16:00,19.08
4/02/2016 16:00,20.42
5/02/2016 16:00,20.14
8/02/2016 16:00,20.26
9/02/2016 16:00,19.43
10/02/2016 16:00,19.31
11/02/2016 16:00,18.9
12/02/2016 16:00,20.26
16/02/2016 16:00,20.66
17/02/2016 16:00,21.51
18/02/2016 16:00,21.4
19/02/2016 16:00,21.39
22/02/2016 16:00,22.56
23/02/2016 16:00,21.49
24/02/2016 16:00,20.34
25/02/2016 16:00,20.36
26/02/2016 16:00,20.12
29/02/2016 16:00,20.17
1/03/2016 16:00,20.92
2/03/2016 16:00,22.65
3/03/2016 16:00,23.06
4/03/2016 16:00,24.69
7/03/2016 16:00,26.02
8/03/2016 16:00,23.73
9/03/2016 16:00,24.05
10/03/2016 16:00,23.67
11/03/2016 16:00,24.28
14/03/2016 16:00,23.95
15/03/2016 16:00,22.31
16/03/2016 16:00,23.19
17/03/2016 16:00,24.34
18/03/2016 16:00,24.46
21/03/2016 16:00,24.15
22/03/2016 16:00,23.82
23/03/2016 16:00,22.76
24/03/2016 16:00,22.87
28/03/2016 16:00,22.91
29/03/2016 16:00,22.95
30/03/2016 16:00,23.46
31/03/2016 16:00,23.1
1/04/2016 16:00,22.88
4/04/2016 16:00,22
5/04/2016 16:00,21.47
6/04/2016 16:00,21.68
7/04/2016 16:00,21.33
8/04/2016 16:00,22.09
11/04/2016 16:00,22.84
12/04/2016 16:00,23.82
13/04/2016 16:00,25.43
14/04/2016 16:00,25.68
15/04/2016 16:00,25.78
18/04/2016 16:00,26.67
19/04/2016 16:00,28.06
20/04/2016 16:00,29.01
21/04/2016 16:00,28.32
22/04/2016 16:00,28.38
25/04/2016 16:00,27.24
26/04/2016 16:00,27.69
27/04/2016 16:00,27.58
28/04/2016 16:00,27.73
29/04/2016 16:00,27.95
2/05/2016 16:00,27.8
3/05/2016 16:00,26.37
4/05/2016 16:00,24.64
5/05/2016 16:00,24.67
6/05/2016 16:00,24.91
9/05/2016 16:00,23.42
10/05/2016 16:00,24.23
11/05/2016 16:00,24.39
12/05/2016 16:00,23.83
13/05/2016 16:00,23.72
16/05/2016 16:00,24.5
17/05/2016 16:00,25.25
18/05/2016 16:00,24.38
19/05/2016 16:00,24.38
20/05/2016 16:00,23.94
23/05/2016 16:00,24.04
24/05/2016 16:00,24.17
25/05/2016 16:00,25.21
26/05/2016 16:00,24.95
27/05/2016 16:00,24.53
31/05/2016 16:00,24.05
1/06/2016 16:00,23.76
2/06/2016 16:00,23.87
3/06/2016 16:00,24.8
6/06/2016 16:00,26.03
7/06/2016 16:00,25.65
8/06/2016 16:00,26.44
9/06/2016 16:00,24.96
10/06/2016 16:00,23.84
13/06/2016 16:00,23.95
14/06/2016 16:00,23.38
15/06/2016 16:00,24.01
16/06/2016 16:00,23.97
17/06/2016 16:00,24.71
20/06/2016 16:00,25.3
21/06/2016 16:00,25.24
22/06/2016 16:00,25.02
23/06/2016 16:00,26.22
24/06/2016 16:00,24.29
27/06/2016 16:00,23.4
28/06/2016 16:00,24.38
29/06/2016 16:00,24.76
30/06/2016 16:00,25.47
1/07/2016 16:00,25.53
5/07/2016 16:00,24.8
6/07/2016 16:00,25.48
7/07/2016 16:00,24.78
8/07/2016 16:00,26.17
11/07/2016 16:00,26.62
12/07/2016 16:00,27.51
13/07/2016 16:00,27.57
14/07/2016 16:00,27.6
15/07/2016 16:00,27.2
18/07/2016 16:00,26.98
19/07/2016 16:00,25.62
20/07/2016 16:00,25.26
21/07/2016 16:00,25.84
22/07/2016 16:00,25.46
25/07/2016 16:00,25.21
26/07/2016 16:00,26.28
27/07/2016 16:00,26.53
28/07/2016 16:00,26.36
29/07/2016 16:00,26.48
1/08/2016 16:00,26.07
2/08/2016 16:00,26.05
3/08/2016 16:00,26.65
4/08/2016 16:00,26.96
5/08/2016 16:00,27.67
8/08/2016 16:00,28.08
9/08/2016 16:00,27.86
10/08/2016 16:00,27.56
11/08/2016 16:00,28.14
12/08/2016 16:00,27.62
15/08/2016 16:00,27.83
16/08/2016 16:00,28.09
17/08/2016 16:00,28.46
18/08/2016 16:00,29
19/08/2016 16:00,28.49
22/08/2016 16:00,28.23
23/08/2016 16:00,29.16
24/08/2016 16:00,28.52
25/08/2016 16:00,28.85
26/08/2016 16:00,28.62
29/08/2016 16:00,28.73
30/08/2016 16:00,28.09
31/08/2016 16:00,26.76
1/09/2016 16:00,26.96
2/09/2016 16:00,27.31
6/09/2016 16:00,28.18
7/09/2016 16:00,27.68
8/09/2016 16:00,27.85
9/09/2016 16:00,27.42
12/09/2016 16:00,27.67
13/09/2016 16:00,26.2
14/09/2016 16:00,26.74
15/09/2016 16:00,27.27
16/09/2016 16:00,26.73
19/09/2016 16:00,27.19
20/09/2016 16:00,27.71
21/09/2016 16:00,28.7
22/09/2016 16:00,28.95
23/09/2016 16:00,29.02
26/09/2016 16:00,29.1
27/09/2016 16:00,29.09
28/09/2016 16:00,30.41
29/09/2016 16:00,30.68
30/09/2016 16:00,30.9
3/10/2016 16:00,31.08
4/10/2016 16:00,30.9
5/10/2016 16:00,31.48
6/10/2016 16:00,31.28
7/10/2016 16:00,31.54
10/10/2016 16:00,32.03
11/10/2016 16:00,31.2
12/10/2016 16:00,31.23
13/10/2016 16:00,30.37
14/10/2016 16:00,30.32
17/10/2016 16:00,30.22
18/10/2016 16:00,30.76
19/10/2016 16:00,31.17
20/10/2016 16:00,31.23
21/10/2016 16:00,31.18
24/10/2016 16:00,31.19
25/10/2016 16:00,31.85
26/10/2016 16:00,31.44
27/10/2016 16:00,30.9
28/10/2016 16:00,31.1
31/10/2016 16:00,31.23
1/11/2016 16:00,31.09
2/11/2016 16:00,30.56
3/11/2016 16:00,30.66
4/11/2016 16:00,30.31
7/11/2016 16:00,31.72
8/11/2016 16:00,32.74
9/11/2016 16:00,33.77
10/11/2016 16:00,34.01
11/11/2016 16:00,33.45
14/11/2016 16:00,33.66
15/11/2016 16:00,32.63
16/11/2016 16:00,31.81
17/11/2016 16:00,32.04
18/11/2016 16:00,31.64
21/11/2016 16:00,32.5
22/11/2016 16:00,34.17
23/11/2016 16:00,34.54
25/11/2016 16:00,34.55
28/11/2016 16:00,34.2
29/11/2016 16:00,33.37
30/11/2016 16:00,33.48
1/12/2016 16:00,33.71
2/12/2016 16:00,33.91
5/12/2016 16:00,34.55
6/12/2016 16:00,34.2
7/12/2016 16:00,34.71
8/12/2016 16:00,34.69
9/12/2016 16:00,34.32
12/12/2016 16:00,35.29
13/12/2016 16:00,34.58
14/12/2016 16:00,33.51
15/12/2016 16:00,33.03
16/12/2016 16:00,32.47
19/12/2016 16:00,32.03
20/12/2016 16:00,32.58
21/12/2016 16:00,32.28
22/12/2016 16:00,31.79
23/12/2016 16:00,31.58
27/12/2016 16:00,31.79
28/12/2016 16:00,32.3
29/12/2016 16:00,32.35
30/12/2016 16:00,31.91
3/01/2017 16:00,33.02
4/01/2017 16:00,33.15
5/01/2017 16:00,33.46
6/01/2017 16:00,32.96
9/01/2017 16:00,32.87
10/01/2017 16:00,34.39
11/01/2017 16:00,35.12
12/01/2017 16:00,35.44
13/01/2017 16:00,35.53
17/01/2017 16:00,35.54
18/01/2017 16:00,35.82
19/01/2017 16:00,35.72
20/01/2017 16:00,35.61
23/01/2017 16:00,35.96
24/01/2017 16:00,37.06
25/01/2017 16:00,37.17
26/01/2017 16:00,36.69
27/01/2017 16:00,36.78
30/01/2017 16:00,36.23
31/01/2017 16:00,36.83
1/02/2017 16:00,36.93
2/02/2017 16:00,36.51
3/02/2017 16:00,35.13
6/02/2017 16:00,35.05
7/02/2017 16:00,34.94
8/02/2017 16:00,34.52
9/02/2017 16:00,34.97
10/02/2017 16:00,35.76
13/02/2017 16:00,36.06
14/02/2017 16:00,36.1
15/02/2017 16:00,36.34
16/02/2017 16:00,36.56
17/02/2017 16:00,35.93
21/02/2017 16:00,36.34
22/02/2017 16:00,35.51
23/02/2017 16:00,34.88
24/02/2017 16:00,33.87
27/02/2017 16:00,34.43
28/02/2017 16:00,33.73
1/03/2017 16:00,34.62
2/03/2017 16:00,33.92
3/03/2017 16:00,34.84
6/03/2017 16:00,34.2
7/03/2017 16:00,34.03
8/03/2017 16:00,32.5
9/03/2017 16:00,31.81
10/03/2017 16:00,31.79
13/03/2017 16:00,32.45
14/03/2017 16:00,32.24
15/03/2017 16:00,33.86
16/03/2017 16:00,33.81
17/03/2017 16:00,34.05
20/03/2017 16:00,34.29
21/03/2017 16:00,32.96
22/03/2017 16:00,33.06
23/03/2017 16:00,32.84
24/03/2017 16:00,32.56
27/03/2017 16:00,31.96
28/03/2017 16:00,32.58
29/03/2017 16:00,32.9
30/03/2017 16:00,32.91
31/03/2017 16:00,32.39
3/04/2017 16:00,32.5
4/04/2017 16:00,32.88
5/04/2017 16:00,33.11
6/04/2017 16:00,33.14
7/04/2017 16:00,32.97
10/04/2017 16:00,34.12
11/04/2017 16:00,34.24
12/04/2017 16:00,32.63
13/04/2017 16:00,32.19
17/04/2017 16:00,32.33
18/04/2017 16:00,31.72
19/04/2017 16:00,31.61
20/04/2017 16:00,32.1
21/04/2017 16:00,31.89
24/04/2017 16:00,32.25
25/04/2017 16:00,32.41
26/04/2017 16:00,32.15
27/04/2017 16:00,31.23
28/04/2017 16:00,31.75
1/05/2017 16:00,31.97
2/05/2017 16:00,31.56
3/05/2017 16:00,30.49
4/05/2017 16:00,30.16
5/05/2017 16:00,30.76
8/05/2017 16:00,30.35
9/05/2017 16:00,30.68
10/05/2017 16:00,31.31
11/05/2017 16:00,31.38
12/05/2017 16:00,31.39
15/05/2017 16:00,31.84
16/05/2017 16:00,32.19
17/05/2017 16:00,31.59
18/05/2017 16:00,32.02
19/05/2017 16:00,32.74
22/05/2017 16:00,32.9
23/05/2017 16:00,32.7
24/05/2017 16:00,32.55
25/05/2017 16:00,32.3
26/05/2017 16:00,31.97
30/05/2017 16:00,32.08
31/05/2017 16:00,31.3
1/06/2017 16:00,31.4
2/06/2017 16:00,31.64
5/06/2017 16:00,31.28
6/06/2017 16:00,31.41
7/06/2017 16:00,31.11
8/06/2017 16:00,31.74
9/06/2017 16:00,31.56
12/06/2017 16:00,31.29
13/06/2017 16:00,31.68
14/06/2017 16:00,31.27
15/06/2017 16:00,30.79
16/06/2017 16:00,30.95
19/06/2017 16:00,31.14
20/06/2017 16:00,30.05
21/06/2017 16:00,30.03
22/06/2017 16:00,30.27
23/06/2017 16:00,30.47
26/06/2017 16:00,30.31
27/06/2017 16:00,30.69
28/06/2017 16:00,31.63
29/06/2017 16:00,31.76
30/06/2017 16:00,31.74
3/07/2017 16:00,32.27
5/07/2017 16:00,32.47
6/07/2017 16:00,32.96
7/07/2017 16:00,33.2
10/07/2017 16:00,33.57
11/07/2017 16:00,34.04
12/07/2017 16:00,34.31
13/07/2017 16:00,34.46
14/07/2017 16:00,35.14
17/07/2017 16:00,35.35
18/07/2017 16:00,35.17
19/07/2017 16:00,35.51
20/07/2017 16:00,34.97
21/07/2017 16:00,34.6
24/07/2017 16:00,34.69
25/07/2017 16:00,35.86
26/07/2017 16:00,36.35
27/07/2017 16:00,36.39
28/07/2017 16:00,36.69
31/07/2017 16:00,37.16
1/08/2017 16:00,36.92
2/08/2017 16:00,36.71
3/08/2017 16:00,36.39
4/08/2017 16:00,36.76
7/08/2017 16:00,37.45
8/08/2017 16:00,36.99
9/08/2017 16:00,36.89
10/08/2017 16:00,36.23
11/08/2017 16:00,35.99
14/08/2017 16:00,36.09
15/08/2017 16:00,35.74
16/08/2017 16:00,36.72
17/08/2017 16:00,36.09
18/08/2017 16:00,36.03
21/08/2017 16:00,36.49
22/08/2017 16:00,36.93
23/08/2017 16:00,37.24
24/08/2017 16:00,37.2
25/08/2017 16:00,37.96
28/08/2017 16:00,38.2
29/08/2017 16:00,38.35
30/08/2017 16:00,38.19
31/08/2017 16:00,38.8
1/09/2017 16:00,39.39
5/09/2017 16:00,39.31
6/09/2017 16:00,39.73
7/09/2017 16:00,39.38
8/09/2017 16:00,38.34
11/09/2017 16:00,38.98
12/09/2017 16:00,39.2
13/09/2017 16:00,38.58
14/09/2017 16:00,37.97
15/09/2017 16:00,37.3
18/09/2017 16:00,37.7
19/09/2017 16:00,37.67
20/09/2017 16:00,37.5
21/09/2017 16:00,37.19
22/09/2017 16:00,37.17
25/09/2017 16:00,36.81
26/09/2017 16:00,36.16
27/09/2017 16:00,36.16
28/09/2017 16:00,36.11
29/09/2017 16:00,36.15
2/10/2017 16:00,36.44
3/10/2017 16:00,36.63
4/10/2017 16:00,36.68
5/10/2017 16:00,36.79
6/10/2017 16:00,36.87
9/10/2017 16:00,36.67
10/10/2017 16:00,37.04
11/10/2017 16:00,36.5
12/10/2017 16:00,36.59
13/10/2017 16:00,37.64
16/10/2017 16:00,38.04
17/10/2017 16:00,37.83
18/10/2017 16:00,37.01
19/10/2017 16:00,37.07
20/10/2017 16:00,36.81
23/10/2017 16:00,36.76
24/10/2017 16:00,37.04
25/10/2017 16:00,36.34
26/10/2017 16:00,36.46
27/10/2017 16:00,36.26
30/10/2017 16:00,36.38
31/10/2017 16:00,36.55
1/11/2017 16:00,37.49
2/11/2017 16:00,38.17
3/11/2017 16:00,37.59
6/11/2017 16:00,38.72
7/11/2017 16:00,38.56
8/11/2017 16:00,39.05
9/11/2017 16:00,38.27
10/11/2017 16:00,38.16
13/11/2017 16:00,38.08
14/11/2017 16:00,37.18
15/11/2017 16:00,36.76
16/11/2017 16:00,36.91
17/11/2017 16:00,36.91
20/11/2017 16:00,36.67
21/11/2017 16:00,37.16
22/11/2017 16:00,37.7
24/11/2017 13:00,38.09
27/11/2017 16:00,37.36
28/11/2017 16:00,37.46
29/11/2017 16:00,36.96
30/11/2017 16:00,37.06
1/12/2017 16:00,37.42
4/12/2017 16:00,37.55
5/12/2017 16:00,36.93
6/12/2017 16:00,36.67
7/12/2017 16:00,36.6
8/12/2017 16:00,36.62
11/12/2017 16:00,37.13
12/12/2017 16:00,37.38
13/12/2017 16:00,37.78
14/12/2017 16:00,37.76
15/12/2017 16:00,38.42
18/12/2017 16:00,38.9
19/12/2017 16:00,38.61
20/12/2017 16:00,39.37
21/12/2017 16:00,40.19
22/12/2017 16:00,40.14
26/12/2017 16:00,40.45
27/12/2017 16:00,40.82
28/12/2017 16:00,41.37
29/12/2017 16:00,41.02
2/01/2018 16:00,42.38
3/01/2018 16:00,42.55
4/01/2018 16:00,42.63
5/01/2018 16:00,42.94
8/01/2018 16:00,43.26
9/01/2018 16:00,43.56
10/01/2018 16:00,43.59
11/01/2018 16:00,44.3
12/01/2018 16:00,45.21
16/01/2018 16:00,43.89
17/01/2018 16:00,44.1
18/01/2018 16:00,44
19/01/2018 16:00,44.28
22/01/2018 16:00,44.1
23/01/2018 16:00,43.48
24/01/2018 16:00,44.29
25/01/2018 16:00,43.62
26/01/2018 16:00,44.6
29/01/2018 16:00,44.13
30/01/2018 16:00,43.62
31/01/2018 16:00,43.72
1/02/2018 16:00,43.98
2/02/2018 16:00,42.66
5/02/2018 16:00,41.45
6/02/2018 16:00,42.57
7/02/2018 16:00,41.38
8/02/2018 16:00,39.92
9/02/2018 16:00,40.81
12/02/2018 16:00,41.74
13/02/2018 16:00,42.58
14/02/2018 16:00,43.95
15/02/2018 16:00,44.51
16/02/2018 16:00,43.43
20/02/2018 16:00,41.52
21/02/2018 16:00,41.45
22/02/2018 16:00,42.45
23/02/2018 16:00,43.08
26/02/2018 16:00,43.58
27/02/2018 16:00,42.62
28/02/2018 16:00,41.47
1/03/2018 16:00,40.78
2/03/2018 16:00,40.52
5/03/2018 16:00,40.76
6/03/2018 16:00,41.63
7/03/2018 16:00,40.94
8/03/2018 16:00,39.87
9/03/2018 16:00,40.39
12/03/2018 16:00,40.55
13/03/2018 16:00,39.96
14/03/2018 16:00,40.28
15/03/2018 16:00,40.32
16/03/2018 16:00,40.51
19/03/2018 16:00,39.43
20/03/2018 16:00,39.84
21/03/2018 16:00,40.87
22/03/2018 16:00,39.25
23/03/2018 16:00,39.24
26/03/2018 16:00,39.98
27/03/2018 16:00,39.33
28/03/2018 16:00,38.79
29/03/2018 16:00,39.63
2/04/2018 16:00,38.96
3/04/2018 16:00,39.37
4/04/2018 16:00,39.56
5/04/2018 16:00,39.67
6/04/2018 16:00,38.92
9/04/2018 16:00,38.91
10/04/2018 16:00,40.84
11/04/2018 16:00,41.13
12/04/2018 16:00,41.22
13/04/2018 16:00,41.74
16/04/2018 16:00,41.28
17/04/2018 16:00,41.63
18/04/2018 16:00,42.93
19/04/2018 16:00,42.59
20/04/2018 16:00,42.54
23/04/2018 16:00,42.14
24/04/2018 16:00,42.43
25/04/2018 16:00,42.14
26/04/2018 16:00,42.29
27/04/2018 16:00,41.5
30/04/2018 16:00,41.7
1/05/2018 16:00,41.3
2/05/2018 16:00,41.87
3/05/2018 16:00,42.5
4/05/2018 16:00,43.05
7/05/2018 16:00,42.68
8/05/2018 16:00,42.45
9/05/2018 16:00,43.84
10/05/2018 16:00,44.49
11/05/2018 16:00,44.96
14/05/2018 16:00,45.66
15/05/2018 16:00,45.19
16/05/2018 16:00,45.91
17/05/2018 16:00,45.83
18/05/2018 16:00,45.32
21/05/2018 16:00,45.92
22/05/2018 16:00,45.61
23/05/2018 16:00,45.48
24/05/2018 16:00,45.38
25/05/2018 16:00,43.72
29/05/2018 16:00,42.94
30/05/2018 16:00,44.09
31/05/2018 16:00,44.4
1/06/2018 16:00,44.81
4/06/2018 16:00,44.76
5/06/2018 16:00,45.09
6/06/2018 16:00,46.33
7/06/2018 16:00,46.16
8/06/2018 16:00,46.08
11/06/2018 16:00,46.23
12/06/2018 16:00,45.61
13/06/2018 16:00,45.21
14/06/2018 16:00,44.92
15/06/2018 16:00,43.44
18/06/2018 16:00,43.68
19/06/2018 16:00,42.49
20/06/2018 16:00,42.61
21/06/2018 16:00,42.7
22/06/2018 16:00,43.64
25/06/2018 16:00,42.49
26/06/2018 16:00,43.55
27/06/2018 16:00,43.98
28/06/2018 16:00,44.61
29/06/2018 16:00,44.6
2/07/2018 16:00,43.32
3/07/2018 13:00,43.44
5/07/2018 16:00,43.43
6/07/2018 16:00,44.22
9/07/2018 16:00,45.34
10/07/2018 16:00,45.65
11/07/2018 16:00,43.68
12/07/2018 16:00,44.28
13/07/2018 16:00,43.81
16/07/2018 16:00,43.24
17/07/2018 16:00,43.46
18/07/2018 16:00,44.45
19/07/2018 16:00,43.23
20/07/2018 16:00,43.24
23/07/2018 16:00,43.02
24/07/2018 16:00,44.72
25/07/2018 16:00,45.1
26/07/2018 16:00,44.64
27/07/2018 16:00,45.27
30/07/2018 16:00,45.75
31/07/2018 16:00,46.61
1/08/2018 16:00,45.68
2/08/2018 16:00,44.56
3/08/2018 16:00,44.93
6/08/2018 16:00,44.43
7/08/2018 16:00,45.1
8/08/2018 16:00,44.87
9/08/2018 16:00,44.72
10/08/2018 16:00,43.87
13/08/2018 16:00,43.37
14/08/2018 16:00,44.01
15/08/2018 16:00,41.88
16/08/2018 16:00,42.16
17/08/2018 16:00,42.74
20/08/2018 16:00,43.09
21/08/2018 16:00,42.31
22/08/2018 16:00,42.99
23/08/2018 16:00,42.21
24/08/2018 16:00,43.22
27/08/2018 16:00,43.73
28/08/2018 16:00,43.99
29/08/2018 16:00,44.4
30/08/2018 16:00,43.43
31/08/2018 16:00,42.85
4/09/2018 16:00,42.13
5/09/2018 16:00,41.78
6/09/2018 16:00,40.21
7/09/2018 16:00,39.62
10/09/2018 16:00,39.12
11/09/2018 16:00,39.37
12/09/2018 16:00,39.85
13/09/2018 16:00,40.22
14/09/2018 16:00,40.55
17/09/2018 16:00,40.34
18/09/2018 16:00,41.2
19/09/2018 16:00,42.2
20/09/2018 16:00,43.05
21/09/2018 16:00,43.9
24/09/2018 16:00,43.87
25/09/2018 16:00,44.58
26/09/2018 16:00,44.23
27/09/2018 16:00,44.18
28/09/2018 16:00,44.45
1/10/2018 16:00,44.98
2/10/2018 16:00,45.01
3/10/2018 16:00,44.67
4/10/2018 16:00,44.6
5/10/2018 16:00,43.86
8/10/2018 16:00,43.77
9/10/2018 16:00,43.9
10/10/2018 16:00,42.49
11/10/2018 16:00,42.53
12/10/2018 16:00,42.64
15/10/2018 16:00,42.89
16/10/2018 16:00,43.24
17/10/2018 16:00,42.62
18/10/2018 16:00,41.39
19/10/2018 16:00,41.55
22/10/2018 16:00,42
23/10/2018 16:00,41.15
24/10/2018 16:00,39.28
25/10/2018 16:00,39.72
26/10/2018 16:00,39.74
29/10/2018 16:00,39.5
30/10/2018 16:00,40.42
31/10/2018 16:00,41.19
1/11/2018 16:00,43.26
2/11/2018 16:00,42.86
5/11/2018 16:00,43.17
6/11/2018 16:00,42.87
7/11/2018 16:00,43.65
8/11/2018 16:00,42.95
9/11/2018 16:00,42.05
12/11/2018 16:00,42.05
13/11/2018 16:00,41.64
14/11/2018 16:00,41.36
15/11/2018 16:00,42.03
16/11/2018 16:00,42.62
19/11/2018 16:00,42.43
20/11/2018 16:00,41.03
21/11/2018 16:00,41.59
23/11/2018 13:00,39.93
26/11/2018 16:00,39.67
27/11/2018 16:00,39.37
28/11/2018 16:00,40.62
29/11/2018 16:00,40.12
30/11/2018 16:00,39.56
3/12/2018 16:00,41.47
4/12/2018 16:00,40.92
6/12/2018 16:00,40.02
7/12/2018 16:00,39.76
10/12/2018 16:00,40.05
11/12/2018 16:00,40.95
12/12/2018 16:00,41.57
13/12/2018 16:00,42.53
14/12/2018 16:00,41.17
17/12/2018 16:00,41.91
18/12/2018 16:00,42.29
19/12/2018 16:00,42.04
20/12/2018 16:00,41.71
21/12/2018 16:00,42.01
24/12/2018 13:00,41.23
26/12/2018 16:00,43.08
27/12/2018 16:00,42.77
28/12/2018 16:00,42.74
31/12/2018 16:00,43.07
2/01/2019 16:00,42.69
3/01/2019 16:00,41.38
4/01/2019 16:00,43.9
7/01/2019 16:00,44.13
8/01/2019 16:00,44
9/01/2019 16:00,44.24
10/01/2019 16:00,42.4
11/01/2019 16:00,42.1
14/01/2019 16:00,42.04
15/01/2019 16:00,42.39
16/01/2019 16:00,42.22
17/01/2019 16:00,42.68
18/01/2019 16:00,42.85
22/01/2019 16:00,41.36
23/01/2019 16:00,41.5
24/01/2019 16:00,41.58
25/01/2019 16:00,43
28/01/2019 16:00,43
29/01/2019 16:00,43.8
30/01/2019 16:00,45.25
31/01/2019 16:00,45.66
1/02/2019 16:00,45.57
4/02/2019 16:00,45.59
5/02/2019 16:00,45.62
6/02/2019 16:00,45.5
7/02/2019 16:00,45.01
8/02/2019 16:00,45.22
11/02/2019 16:00,45.4
12/02/2019 16:00,45.71
13/02/2019 16:00,46.08
14/02/2019 16:00,46.35
15/02/2019 16:00,47.06
19/02/2019 16:00,47.45
20/02/2019 16:00,48.31
21/02/2019 16:00,47.62
22/02/2019 16:00,48.43
25/02/2019 16:00,48.31
26/02/2019 16:00,48.59
27/02/2019 16:00,48.41
28/02/2019 16:00,47.18
1/03/2019 16:00,46.83
4/03/2019 16:00,47.08
5/03/2019 16:00,47.17
6/03/2019 16:00,47.48
7/03/2019 16:00,46.28
8/03/2019 16:00,46.07
11/03/2019 16:00,46.49
12/03/2019 16:00,46.63
13/03/2019 16:00,47.1
14/03/2019 16:00,46.56
15/03/2019 16:00,46.49
18/03/2019 16:00,47.29
19/03/2019 16:00,47.13
20/03/2019 16:00,47.62
21/03/2019 16:00,47.89
22/03/2019 16:00,46.6
25/03/2019 16:00,47.01
26/03/2019 16:00,47.72
27/03/2019 16:00,48.04
28/03/2019 16:00,48.17
29/03/2019 16:00,48.76
1/04/2019 16:00,49.95
2/04/2019 16:00,50.04
3/04/2019 16:00,50.21
4/04/2019 16:00,50.11
5/04/2019 16:00,50.24
8/04/2019 16:00,50.95
9/04/2019 16:00,50.4
10/04/2019 16:00,50.84
11/04/2019 16:00,50.26
12/04/2019 16:00,50.69
15/04/2019 16:00,49.96
16/04/2019 16:00,49.38
17/04/2019 16:00,49.16
18/04/2019 16:00,49.01
22/04/2019 16:00,49.17
23/04/2019 16:00,48.77
24/04/2019 16:00,47.54
25/04/2019 16:00,47.58
26/04/2019 16:00,47.52
29/04/2019 16:00,47.57
